label,id,task,seed,request_index,latency_ms,http_status,model,input_tokens,output_tokens
Jev,reach-v3-0,reach-v3,0,0,826.405,200,jev-1.13.0,770,31
Jev,reach-v3-0,reach-v3,0,1,306.506,200,jev-1.13.0,1504,144
Jev,reach-v3-0,reach-v3,0,2,301.003,200,jev-1.13.0,810,31
Jev,reach-v3-0,reach-v3,0,3,306.473,200,jev-1.13.0,1546,144
Jev,reach-v3-0,reach-v3,0,4,999.573,200,jev-1.13.0,844,31
Jev,reach-v3-0,reach-v3,0,5,297.423,200,jev-1.13.0,1580,144
Jev,reach-v3-0,reach-v3,0,6,311.444,200,jev-1.13.0,878,31
Jev,reach-v3-0,reach-v3,0,7,318.373,200,jev-1.13.0,1613,144
Jev,reach-v3-0,reach-v3,0,8,282.825,200,jev-1.13.0,915,31
Jev,reach-v3-0,reach-v3,0,9,292.48,200,jev-1.13.0,1666,144
Jev,reach-v3-0,reach-v3,0,10,274.098,200,jev-1.13.0,929,31
Jev,reach-v3-0,reach-v3,0,11,280.413,200,jev-1.13.0,1695,144
Jev,reach-v3-0,reach-v3,0,12,312.079,200,jev-1.13.0,963,31
Jev,reach-v3-0,reach-v3,0,13,287.46,200,jev-1.13.0,1730,144
Jev,reach-v3-0,reach-v3,0,14,370.996,200,jev-1.13.0,996,31
Jev,reach-v3-0,reach-v3,0,15,289.621,200,jev-1.13.0,1746,144
Jev,reach-v3-0,reach-v3,0,16,346.245,200,jev-1.13.0,1014,31
Jev,reach-v3-0,reach-v3,0,17,345.664,200,jev-1.13.0,1762,144
Jev,reach-v3-0,reach-v3,0,18,372.955,200,jev-1.13.0,998,31
Jev,reach-v3-0,reach-v3,0,19,330.619,200,jev-1.13.0,1759,144
Jev,reach-v3-0,reach-v3,0,20,312.272,200,jev-1.13.0,981,31
Jev,reach-v3-0,reach-v3,0,21,352.187,200,jev-1.13.0,1741,144
Jev,reach-v3-0,reach-v3,0,22,327.39,200,jev-1.13.0,963,31
Jev,reach-v3-0,reach-v3,0,23,394.491,200,jev-1.13.0,1709,144
Jev,reach-v3-0,reach-v3,0,24,297.558,200,jev-1.13.0,945,31
Jev,reach-v3-0,reach-v3,0,25,328.566,200,jev-1.13.0,1677,144
Jev,reach-v3-0,reach-v3,0,26,318.084,200,jev-1.13.0,947,31
Jev,reach-v3-0,reach-v3,0,27,1074.39,200,jev-1.13.0,1678,144
Jev,reach-v3-0,reach-v3,0,28,356.133,200,jev-1.13.0,932,31
Jev,reach-v3-0,reach-v3,0,29,345.078,200,jev-1.13.0,1709,144
Jev,reach-v3-1,reach-v3,1,0,718.009,200,jev-1.13.0,769,31
Jev,reach-v3-1,reach-v3,1,1,269.038,200,jev-1.13.0,1534,144
Jev,reach-v3-1,reach-v3,1,2,317.965,200,jev-1.13.0,838,31
Jev,reach-v3-1,reach-v3,1,3,293.381,200,jev-1.13.0,1604,144
Jev,reach-v3-1,reach-v3,1,4,295.143,200,jev-1.13.0,905,31
Jev,reach-v3-1,reach-v3,1,5,322.787,200,jev-1.13.0,1638,144
Jev,reach-v3-1,reach-v3,1,6,295.672,200,jev-1.13.0,941,31
Jev,reach-v3-1,reach-v3,1,7,323.651,200,jev-1.13.0,1690,144
Jev,reach-v3-1,reach-v3,1,8,289.301,200,jev-1.13.0,993,31
Jev,reach-v3-1,reach-v3,1,9,300.278,200,jev-1.13.0,1758,144
Jev,reach-v3-1,reach-v3,1,10,311.535,200,jev-1.13.0,980,31
Jev,reach-v3-1,reach-v3,1,11,360.383,200,jev-1.13.0,1730,144
Jev,reach-v3-1,reach-v3,1,12,346.841,200,jev-1.13.0,964,31
Jev,reach-v3-1,reach-v3,1,13,320.44,200,jev-1.13.0,1713,144
Jev,reach-v3-1,reach-v3,1,14,328.888,200,jev-1.13.0,983,31
Jev,reach-v3-1,reach-v3,1,15,325.497,200,jev-1.13.0,1717,144
Jev,reach-v3-1,reach-v3,1,16,310.714,200,jev-1.13.0,961,31
Jev,reach-v3-1,reach-v3,1,17,333.993,200,jev-1.13.0,1691,144
Jev,reach-v3-1,reach-v3,1,18,277.526,200,jev-1.13.0,948,31
Jev,reach-v3-1,reach-v3,1,19,449.316,200,jev-1.13.0,1679,144
Jev,reach-v3-1,reach-v3,1,20,345.861,200,jev-1.13.0,931,31
Jev,reach-v3-1,reach-v3,1,21,333.532,200,jev-1.13.0,1661,144
Jev,reach-v3-1,reach-v3,1,22,310.084,200,jev-1.13.0,915,31
Jev,reach-v3-1,reach-v3,1,23,300.659,200,jev-1.13.0,1647,144
Jev,push-v3-0,push-v3,0,0,746.969,200,jev-1.13.0,909,49
Jev,push-v3-0,push-v3,0,1,326.504,200,jev-1.13.0,1586,144
Jev,push-v3-0,push-v3,0,2,319.805,200,jev-1.13.0,965,49
Jev,push-v3-0,push-v3,0,3,340.37,200,jev-1.13.0,1640,144
Jev,push-v3-0,push-v3,0,4,328.351,200,jev-1.13.0,1022,49
Jev,push-v3-0,push-v3,0,5,282.569,200,jev-1.13.0,1698,144
Jev,push-v3-0,push-v3,0,6,333.124,200,jev-1.13.0,1073,49
Jev,push-v3-0,push-v3,0,7,345.808,200,jev-1.13.0,1765,144
Jev,push-v3-0,push-v3,0,8,285.441,200,jev-1.13.0,1138,49
Jev,push-v3-0,push-v3,0,9,297.797,200,jev-1.13.0,1816,144
Jev,push-v3-0,push-v3,0,10,325.343,200,jev-1.13.0,1137,49
Jev,push-v3-0,push-v3,0,11,292.373,200,jev-1.13.0,1829,144
Jev,push-v3-0,push-v3,0,12,306.45,200,jev-1.13.0,1152,47
Jev,push-v3-0,push-v3,0,13,341.69,200,jev-1.13.0,1831,144
Jev,push-v3-0,push-v3,0,14,320.289,200,jev-1.13.0,1171,47
Jev,push-v3-0,push-v3,0,15,1463.679,200,jev-1.13.0,1834,144
Jev,push-v3-0,push-v3,0,16,343.262,200,jev-1.13.0,1137,47
Jev,push-v3-0,push-v3,0,17,279.319,200,jev-1.13.0,1798,144
Jev,push-v3-0,push-v3,0,18,283.395,200,jev-1.13.0,1131,47
Jev,push-v3-0,push-v3,0,19,362.459,200,jev-1.13.0,1777,144
Jev,push-v3-0,push-v3,0,20,337.106,200,jev-1.13.0,1098,47
Jev,push-v3-0,push-v3,0,21,304.106,200,jev-1.13.0,1745,144
Jev,push-v3-0,push-v3,0,22,320.943,200,jev-1.13.0,1080,47
Jev,push-v3-0,push-v3,0,23,296.977,200,jev-1.13.0,1747,144
Jev,push-v3-0,push-v3,0,24,335.635,200,jev-1.13.0,1090,47
Jev,push-v3-0,push-v3,0,25,363.656,200,jev-1.13.0,1754,144
Jev,push-v3-0,push-v3,0,26,312.682,200,jev-1.13.0,1073,47
Jev,push-v3-0,push-v3,0,27,299.666,200,jev-1.13.0,1736,144
Jev,push-v3-0,push-v3,0,28,286.176,200,jev-1.13.0,1093,47
Jev,push-v3-0,push-v3,0,29,306.999,200,jev-1.13.0,1757,144
Jev,push-v3-0,push-v3,0,30,331.976,200,jev-1.13.0,1107,47
Jev,push-v3-0,push-v3,0,31,323.575,200,jev-1.13.0,1770,144
Jev,push-v3-0,push-v3,0,32,283.033,200,jev-1.13.0,1109,47
Jev,push-v3-0,push-v3,0,33,316.774,200,jev-1.13.0,1771,144
Jev,push-v3-0,push-v3,0,34,347.691,200,jev-1.13.0,1131,49
Jev,push-v3-0,push-v3,0,35,331.627,200,jev-1.13.0,1798,144
Jev,push-v3-0,push-v3,0,36,297.794,200,jev-1.13.0,1116,49
Jev,push-v3-0,push-v3,0,37,286.891,200,jev-1.13.0,1783,144
Jev,push-v3-0,push-v3,0,38,298.523,200,jev-1.13.0,1101,49
Jev,push-v3-0,push-v3,0,39,389.12,200,jev-1.13.0,1767,144
Jev,push-v3-0,push-v3,0,40,515.744,200,jev-1.13.0,1075,49
Jev,push-v3-0,push-v3,0,41,519.363,200,jev-1.13.0,1740,144
Jev,push-v3-0,push-v3,0,42,2005.804,200,jev-1.13.0,1065,49
Jev,push-v3-0,push-v3,0,43,451.952,200,jev-1.13.0,1732,144
Jev,push-v3-0,push-v3,0,44,606.267,200,jev-1.13.0,1060,49
Jev,push-v3-0,push-v3,0,45,1122.309,200,jev-1.13.0,1768,144
Jev,push-v3-0,push-v3,0,46,349.912,200,jev-1.13.0,1117,49
Jev,push-v3-0,push-v3,0,47,293.147,200,jev-1.13.0,1810,144
Jev,push-v3-0,push-v3,0,48,301.93,200,jev-1.13.0,1147,49
Jev,push-v3-0,push-v3,0,49,1179.625,200,jev-1.13.0,1840,144
Jev,push-v3-0,push-v3,0,50,324.776,200,jev-1.13.0,1156,47
Jev,push-v3-0,push-v3,0,51,303.76,200,jev-1.13.0,1820,144
Jev,push-v3-0,push-v3,0,52,312.272,200,jev-1.13.0,1188,49
Jev,push-v3-0,push-v3,0,53,289.555,200,jev-1.13.0,1865,144
Jev,push-v3-0,push-v3,0,54,275.07,200,jev-1.13.0,1157,49
Jev,push-v3-0,push-v3,0,55,317.509,200,jev-1.13.0,1865,144
Jev,push-v3-0,push-v3,0,56,589.583,200,jev-1.13.0,1158,49
Jev,push-v3-0,push-v3,0,57,314.373,200,jev-1.13.0,1868,144
Jev,push-v3-0,push-v3,0,58,311.853,200,jev-1.13.0,1192,47
Jev,push-v3-0,push-v3,0,59,334.569,200,jev-1.13.0,1853,144
Jev,push-v3-0,push-v3,0,60,315.1,200,jev-1.13.0,1204,47
Jev,push-v3-0,push-v3,0,61,399.735,200,jev-1.13.0,1881,144
Jev,push-v3-0,push-v3,0,62,269.047,200,jev-1.13.0,1218,47
Jev,push-v3-0,push-v3,0,63,334.162,200,jev-1.13.0,1880,144
Jev,push-v3-0,push-v3,0,64,393.022,200,jev-1.13.0,1185,49
Jev,push-v3-0,push-v3,0,65,298.894,200,jev-1.13.0,1882,144
Jev,push-v3-0,push-v3,0,66,326.226,200,jev-1.13.0,1172,49
Jev,push-v3-0,push-v3,0,67,283.232,200,jev-1.13.0,1870,144
Jev,push-v3-0,push-v3,0,68,361.665,200,jev-1.13.0,1191,47
Jev,push-v3-0,push-v3,0,69,292.825,200,jev-1.13.0,1871,144
Jev,push-v3-0,push-v3,0,70,615.73,200,jev-1.13.0,1175,47
Jev,push-v3-0,push-v3,0,71,289.792,200,jev-1.13.0,1853,144
Jev,push-v3-0,push-v3,0,72,342.626,200,jev-1.13.0,1188,47
Jev,push-v3-0,push-v3,0,73,638.489,200,jev-1.13.0,1865,144
Jev,push-v3-0,push-v3,0,74,325.235,200,jev-1.13.0,1172,47
Jev,push-v3-0,push-v3,0,75,289.652,200,jev-1.13.0,1852,144
Jev,push-v3-0,push-v3,0,76,321.829,200,jev-1.13.0,1163,47
Jev,push-v3-0,push-v3,0,77,348.533,200,jev-1.13.0,1815,144
Jev,push-v3-0,push-v3,0,78,306.35,200,jev-1.13.0,1146,47
Jev,push-v3-0,push-v3,0,79,308.148,200,jev-1.13.0,1811,144
Jev,push-v3-1,push-v3,1,0,817.071,200,jev-1.13.0,907,49
Jev,push-v3-1,push-v3,1,1,369.392,200,jev-1.13.0,1599,144
Jev,push-v3-1,push-v3,1,2,291.199,200,jev-1.13.0,960,47
Jev,push-v3-1,push-v3,1,3,280.909,200,jev-1.13.0,1623,144
Jev,push-v3-1,push-v3,1,4,351.227,200,jev-1.13.0,1028,47
Jev,push-v3-1,push-v3,1,5,294.485,200,jev-1.13.0,1675,144
Jev,push-v3-1,push-v3,1,6,295.453,200,jev-1.13.0,1061,47
Jev,push-v3-1,push-v3,1,7,409.679,200,jev-1.13.0,1705,144
Jev,push-v3-1,push-v3,1,8,301.294,200,jev-1.13.0,1097,47
Jev,push-v3-1,push-v3,1,9,308.549,200,jev-1.13.0,1759,144
Jev,push-v3-1,push-v3,1,10,294.344,200,jev-1.13.0,1092,47
Jev,push-v3-1,push-v3,1,11,322.039,200,jev-1.13.0,1754,144
Jev,push-v3-1,push-v3,1,12,336.051,200,jev-1.13.0,1094,47
Jev,push-v3-1,push-v3,1,13,321.861,200,jev-1.13.0,1759,144
Jev,push-v3-1,push-v3,1,14,298.917,200,jev-1.13.0,1108,47
Jev,push-v3-1,push-v3,1,15,317.009,200,jev-1.13.0,1772,144
Jev,push-v3-1,push-v3,1,16,297.982,200,jev-1.13.0,1118,47
Jev,push-v3-1,push-v3,1,17,315.457,200,jev-1.13.0,1779,144
Jev,push-v3-1,push-v3,1,18,340.707,200,jev-1.13.0,1106,47
Jev,push-v3-1,push-v3,1,19,332.613,200,jev-1.13.0,1785,144
Jev,push-v3-1,push-v3,1,20,317.776,200,jev-1.13.0,1105,47
Jev,push-v3-1,push-v3,1,21,329.406,200,jev-1.13.0,1783,144
Jev,push-v3-1,push-v3,1,22,329.88,200,jev-1.13.0,1117,47
Jev,push-v3-1,push-v3,1,23,368.507,200,jev-1.13.0,1779,144
Jev,push-v3-1,push-v3,1,24,333.879,200,jev-1.13.0,1116,47
Jev,push-v3-1,push-v3,1,25,370.844,200,jev-1.13.0,1776,144
Jev,push-v3-1,push-v3,1,26,309.8,200,jev-1.13.0,1133,47
Jev,push-v3-1,push-v3,1,27,376.479,200,jev-1.13.0,1796,144
Jev,push-v3-1,push-v3,1,28,361.726,200,jev-1.13.0,1117,47
Jev,push-v3-1,push-v3,1,29,358.936,200,jev-1.13.0,1795,144
Jev,push-v3-1,push-v3,1,30,347.341,200,jev-1.13.0,1119,47
Jev,push-v3-1,push-v3,1,31,356.719,200,jev-1.13.0,1796,144
Jev,pick-place-v3-0,pick-place-v3,0,0,863.895,200,jev-1.13.0,927,65
Jev,pick-place-v3-0,pick-place-v3,0,1,349.313,200,jev-1.13.0,1536,144
Jev,pick-place-v3-0,pick-place-v3,0,2,564.864,200,jev-1.13.0,967,65
Jev,pick-place-v3-0,pick-place-v3,0,3,381.366,200,jev-1.13.0,1577,144
Jev,pick-place-v3-0,pick-place-v3,0,4,446.793,200,jev-1.13.0,1004,65
Jev,pick-place-v3-0,pick-place-v3,0,5,317.756,200,jev-1.13.0,1613,144
Jev,pick-place-v3-0,pick-place-v3,0,6,331.413,200,jev-1.13.0,1042,65
Jev,pick-place-v3-0,pick-place-v3,0,7,326.391,200,jev-1.13.0,1651,144
Jev,pick-place-v3-0,pick-place-v3,0,8,362.437,200,jev-1.13.0,1078,65
Jev,pick-place-v3-0,pick-place-v3,0,9,352.07,200,jev-1.13.0,1699,144
Jev,pick-place-v3-0,pick-place-v3,0,10,333.67,200,jev-1.13.0,1087,65
Jev,pick-place-v3-0,pick-place-v3,0,11,350.943,200,jev-1.13.0,1712,144
Jev,pick-place-v3-0,pick-place-v3,0,12,346.594,200,jev-1.13.0,1109,65
Jev,pick-place-v3-0,pick-place-v3,0,13,356.481,200,jev-1.13.0,1736,144
Jev,pick-place-v3-0,pick-place-v3,0,14,353.227,200,jev-1.13.0,1123,65
Jev,pick-place-v3-0,pick-place-v3,0,15,366.226,200,jev-1.13.0,1748,144
Jev,pick-place-v3-0,pick-place-v3,0,16,393.539,200,jev-1.13.0,1142,65
Jev,pick-place-v3-0,pick-place-v3,0,17,343.53,200,jev-1.13.0,1752,144
Jev,pick-place-v3-0,pick-place-v3,0,18,390.338,200,jev-1.13.0,1130,65
Jev,pick-place-v3-0,pick-place-v3,0,19,340.558,200,jev-1.13.0,1740,144
Jev,pick-place-v3-0,pick-place-v3,0,20,374.364,200,jev-1.13.0,1110,65
Jev,pick-place-v3-0,pick-place-v3,0,21,317.599,200,jev-1.13.0,1733,144
Jev,pick-place-v3-0,pick-place-v3,0,22,359.447,200,jev-1.13.0,1109,64
Jev,pick-place-v3-0,pick-place-v3,0,23,314.785,200,jev-1.13.0,1700,144
Jev,pick-place-v3-0,pick-place-v3,0,24,297.682,200,jev-1.13.0,1102,64
Jev,pick-place-v3-0,pick-place-v3,0,25,369.012,200,jev-1.13.0,1694,144
Jev,pick-place-v3-0,pick-place-v3,0,26,357.261,200,jev-1.13.0,1100,65
Jev,pick-place-v3-0,pick-place-v3,0,27,361.229,200,jev-1.13.0,1724,144
Jev,pick-place-v3-0,pick-place-v3,0,28,361.748,200,jev-1.13.0,1114,63
Jev,pick-place-v3-0,pick-place-v3,0,29,329.077,200,jev-1.13.0,1698,144
Jev,pick-place-v3-0,pick-place-v3,0,30,335.028,200,jev-1.13.0,1099,63
Jev,pick-place-v3-0,pick-place-v3,0,31,333.262,200,jev-1.13.0,1684,144
Jev,pick-place-v3-0,pick-place-v3,0,32,420.771,200,jev-1.13.0,1097,63
Jev,pick-place-v3-0,pick-place-v3,0,33,320.854,200,jev-1.13.0,1682,144
Jev,pick-place-v3-0,pick-place-v3,0,34,343.241,200,jev-1.13.0,1097,63
Jev,pick-place-v3-0,pick-place-v3,0,35,377.748,200,jev-1.13.0,1684,144
Jev,pick-place-v3-0,pick-place-v3,0,36,334.707,200,jev-1.13.0,1079,63
Jev,pick-place-v3-0,pick-place-v3,0,37,353.046,200,jev-1.13.0,1664,144
Jev,pick-place-v3-0,pick-place-v3,0,38,369.318,200,jev-1.13.0,1081,63
Jev,pick-place-v3-0,pick-place-v3,0,39,323.55,200,jev-1.13.0,1666,144
Jev,pick-place-v3-0,pick-place-v3,0,40,361.987,200,jev-1.13.0,1081,63
Jev,pick-place-v3-0,pick-place-v3,0,41,349.475,200,jev-1.13.0,1667,144
Jev,pick-place-v3-0,pick-place-v3,0,42,346.02,200,jev-1.13.0,1081,63
Jev,pick-place-v3-0,pick-place-v3,0,43,351.1,200,jev-1.13.0,1668,144
Jev,pick-place-v3-0,pick-place-v3,0,44,372.138,200,jev-1.13.0,1081,63
Jev,pick-place-v3-0,pick-place-v3,0,45,367.349,200,jev-1.13.0,1668,144
Jev,pick-place-v3-0,pick-place-v3,0,46,372.43,200,jev-1.13.0,1082,63
Jev,pick-place-v3-0,pick-place-v3,0,47,398.831,200,jev-1.13.0,1668,144
Jev,pick-place-v3-0,pick-place-v3,0,48,357.85,200,jev-1.13.0,1080,63
Jev,pick-place-v3-0,pick-place-v3,0,49,336.729,200,jev-1.13.0,1665,144
Jev,pick-place-v3-0,pick-place-v3,0,50,343.062,200,jev-1.13.0,1084,63
Jev,pick-place-v3-0,pick-place-v3,0,51,320.673,200,jev-1.13.0,1670,144
Jev,pick-place-v3-0,pick-place-v3,0,52,319.158,200,jev-1.13.0,1081,63
Jev,pick-place-v3-0,pick-place-v3,0,53,367.811,200,jev-1.13.0,1666,144
Jev,pick-place-v3-0,pick-place-v3,0,54,385.744,200,jev-1.13.0,1084,63
Jev,pick-place-v3-0,pick-place-v3,0,55,346.664,200,jev-1.13.0,1684,144
Jev,pick-place-v3-0,pick-place-v3,0,56,311.791,200,jev-1.13.0,1099,63
Jev,pick-place-v3-0,pick-place-v3,0,57,345.766,200,jev-1.13.0,1689,144
Jev,pick-place-v3-0,pick-place-v3,0,58,349.473,200,jev-1.13.0,1097,63
Jev,pick-place-v3-0,pick-place-v3,0,59,378.034,200,jev-1.13.0,1703,144
Jev,pick-place-v3-0,pick-place-v3,0,60,308.022,200,jev-1.13.0,1113,63
Jev,pick-place-v3-0,pick-place-v3,0,61,315.446,200,jev-1.13.0,1719,144
Jev,pick-place-v3-0,pick-place-v3,0,62,327.538,200,jev-1.13.0,1132,63
Jev,pick-place-v3-0,pick-place-v3,0,63,526.791,200,jev-1.13.0,1722,144
Jev,pick-place-v3-0,pick-place-v3,0,64,364.369,200,jev-1.13.0,1114,63
Jev,pick-place-v3-0,pick-place-v3,0,65,373.998,200,jev-1.13.0,1718,144
Jev,pick-place-v3-0,pick-place-v3,0,66,416.529,200,jev-1.13.0,1131,63
Jev,pick-place-v3-0,pick-place-v3,0,67,333.224,200,jev-1.13.0,1735,144
Jev,pick-place-v3-0,pick-place-v3,0,68,352.89,200,jev-1.13.0,1131,63
Jev,pick-place-v3-0,pick-place-v3,0,69,337.492,200,jev-1.13.0,1750,144
Jev,pick-place-v3-0,pick-place-v3,0,70,347.015,200,jev-1.13.0,1129,63
Jev,pick-place-v3-0,pick-place-v3,0,71,354.367,200,jev-1.13.0,1716,144
Jev,pick-place-v3-0,pick-place-v3,0,72,377.774,200,jev-1.13.0,1131,63
Jev,pick-place-v3-0,pick-place-v3,0,73,388.27,200,jev-1.13.0,1734,144
Jev,pick-place-v3-0,pick-place-v3,0,74,307.05,200,jev-1.13.0,1131,63
Jev,pick-place-v3-0,pick-place-v3,0,75,334.101,200,jev-1.13.0,1732,144
Jev,pick-place-v3-0,pick-place-v3,0,76,375.834,200,jev-1.13.0,1132,63
Jev,pick-place-v3-0,pick-place-v3,0,77,342.087,200,jev-1.13.0,1732,144
Jev,pick-place-v3-1,pick-place-v3,1,0,941.937,200,jev-1.13.0,926,65
Jev,pick-place-v3-1,pick-place-v3,1,1,294.066,200,jev-1.13.0,1535,144
Jev,pick-place-v3-1,pick-place-v3,1,2,350.262,200,jev-1.13.0,965,65
Jev,pick-place-v3-1,pick-place-v3,1,3,280.328,200,jev-1.13.0,1572,144
Jev,pick-place-v3-1,pick-place-v3,1,4,301.673,200,jev-1.13.0,1002,65
Jev,pick-place-v3-1,pick-place-v3,1,5,313.175,200,jev-1.13.0,1624,144
Jev,pick-place-v3-1,pick-place-v3,1,6,293.564,200,jev-1.13.0,1052,65
Jev,pick-place-v3-1,pick-place-v3,1,7,368.317,200,jev-1.13.0,1680,144
Jev,pick-place-v3-1,pick-place-v3,1,8,284.428,200,jev-1.13.0,1105,65
Jev,pick-place-v3-1,pick-place-v3,1,9,286.429,200,jev-1.13.0,1734,144
Jev,pick-place-v3-1,pick-place-v3,1,10,313.397,200,jev-1.13.0,1122,65
Jev,pick-place-v3-1,pick-place-v3,1,11,287.712,200,jev-1.13.0,1749,144
Jev,pick-place-v3-1,pick-place-v3,1,12,290.32,200,jev-1.13.0,1139,65
Jev,pick-place-v3-1,pick-place-v3,1,13,301.001,200,jev-1.13.0,1750,144
Jev,pick-place-v3-1,pick-place-v3,1,14,297.25,200,jev-1.13.0,1127,65
Jev,pick-place-v3-1,pick-place-v3,1,15,285.978,200,jev-1.13.0,1738,144
Jev,pick-place-v3-1,pick-place-v3,1,16,288.235,200,jev-1.13.0,1109,65
Jev,pick-place-v3-1,pick-place-v3,1,17,327.819,200,jev-1.13.0,1733,144
Jev,pick-place-v3-1,pick-place-v3,1,18,297.23,200,jev-1.13.0,1107,64
Jev,pick-place-v3-1,pick-place-v3,1,19,282.529,200,jev-1.13.0,1697,144
Jev,pick-place-v3-1,pick-place-v3,1,20,331.602,200,jev-1.13.0,1100,64
Jev,pick-place-v3-1,pick-place-v3,1,21,296.105,200,jev-1.13.0,1691,144
Jev,pick-place-v3-1,pick-place-v3,1,22,295.139,200,jev-1.13.0,1099,65
Jev,pick-place-v3-1,pick-place-v3,1,23,307.968,200,jev-1.13.0,1737,144
Jev,pick-place-v3-1,pick-place-v3,1,24,297.161,200,jev-1.13.0,1111,63
Jev,pick-place-v3-1,pick-place-v3,1,25,305.951,200,jev-1.13.0,1695,144
Jev,pick-place-v3-1,pick-place-v3,1,26,294.8,200,jev-1.13.0,1096,63
Jev,pick-place-v3-1,pick-place-v3,1,27,337.373,200,jev-1.13.0,1680,144
Jev,pick-place-v3-1,pick-place-v3,1,28,331.453,200,jev-1.13.0,1093,63
Jev,pick-place-v3-1,pick-place-v3,1,29,339.003,200,jev-1.13.0,1673,144
Jev,pick-place-v3-1,pick-place-v3,1,30,378.09,200,jev-1.13.0,1094,63
Jev,pick-place-v3-1,pick-place-v3,1,31,291.197,200,jev-1.13.0,1678,144
Jev,pick-place-v3-1,pick-place-v3,1,32,333.428,200,jev-1.13.0,1078,63
Jev,pick-place-v3-1,pick-place-v3,1,33,621.758,200,jev-1.13.0,1663,144
Jev,pick-place-v3-1,pick-place-v3,1,34,351.674,200,jev-1.13.0,1077,63
Jev,pick-place-v3-1,pick-place-v3,1,35,341.098,200,jev-1.13.0,1663,144
Jev,pick-place-v3-1,pick-place-v3,1,36,304.862,200,jev-1.13.0,1080,63
Jev,pick-place-v3-1,pick-place-v3,1,37,318.498,200,jev-1.13.0,1665,144
Jev,pick-place-v3-1,pick-place-v3,1,38,324.369,200,jev-1.13.0,1080,63
Jev,pick-place-v3-1,pick-place-v3,1,39,308.54,200,jev-1.13.0,1663,144
Jev,pick-place-v3-1,pick-place-v3,1,40,291.206,200,jev-1.13.0,1080,63
Jev,pick-place-v3-1,pick-place-v3,1,41,317.978,200,jev-1.13.0,1662,144
Jev,pick-place-v3-1,pick-place-v3,1,42,275.934,200,jev-1.13.0,1082,63
Jev,pick-place-v3-1,pick-place-v3,1,43,337.903,200,jev-1.13.0,1664,144
Jev,pick-place-v3-1,pick-place-v3,1,44,271.779,200,jev-1.13.0,1080,63
Jev,pick-place-v3-1,pick-place-v3,1,45,317.296,200,jev-1.13.0,1678,144
Jev,pick-place-v3-1,pick-place-v3,1,46,325.414,200,jev-1.13.0,1097,63
Jev,pick-place-v3-1,pick-place-v3,1,47,304.05,200,jev-1.13.0,1703,144
Jev,pick-place-v3-1,pick-place-v3,1,48,316.989,200,jev-1.13.0,1111,63
Jev,pick-place-v3-1,pick-place-v3,1,49,296.333,200,jev-1.13.0,1730,144
Jev,pick-place-v3-1,pick-place-v3,1,50,300.36,200,jev-1.13.0,1144,63
Jev,pick-place-v3-1,pick-place-v3,1,51,329.513,200,jev-1.13.0,1767,144
Jev,pick-place-v3-1,pick-place-v3,1,52,273.694,200,jev-1.13.0,1159,63
Jev,pick-place-v3-1,pick-place-v3,1,53,331.109,200,jev-1.13.0,1764,144
Jev,pick-place-v3-1,pick-place-v3,1,54,302.232,200,jev-1.13.0,1161,63
Jev,pick-place-v3-1,pick-place-v3,1,55,318.478,200,jev-1.13.0,1780,144
Jev,pick-place-v3-1,pick-place-v3,1,56,312.269,200,jev-1.13.0,1177,63
Jev,pick-place-v3-1,pick-place-v3,1,57,290.021,200,jev-1.13.0,1767,144
Jev,pick-place-v3-1,pick-place-v3,1,58,298.938,200,jev-1.13.0,1147,63
Jev,pick-place-v3-1,pick-place-v3,1,59,331.108,200,jev-1.13.0,1751,144
Jev,pick-place-v3-1,pick-place-v3,1,60,770.073,200,jev-1.13.0,1146,63
Jev,pick-place-v3-1,pick-place-v3,1,61,287.041,200,jev-1.13.0,1750,144
Jev,pick-place-v3-1,pick-place-v3,1,62,340.462,200,jev-1.13.0,1127,63
Jev,pick-place-v3-1,pick-place-v3,1,63,422.848,200,jev-1.13.0,1717,144
Jev,pick-place-v3-1,pick-place-v3,1,64,305.036,200,jev-1.13.0,1098,63
Jev,pick-place-v3-1,pick-place-v3,1,65,286.341,200,jev-1.13.0,1688,144
Jev,pick-place-v3-1,pick-place-v3,1,66,268.769,200,jev-1.13.0,1096,63
Jev,pick-place-v3-1,pick-place-v3,1,67,308.471,200,jev-1.13.0,1697,144
Chat,reach-v3-0,reach-v3,0,0,4264.318,200,gpt-6-astra-2026-09-03,579,58
Chat,reach-v3-0,reach-v3,0,1,3300.246,200,gpt-6-astra-2026-09-03,1069,24
Chat,reach-v3-0,reach-v3,0,2,3655.691,200,gpt-6-astra-2026-09-03,608,43
Chat,reach-v3-0,reach-v3,0,3,3362.919,200,gpt-6-astra-2026-09-03,1099,24
Chat,reach-v3-0,reach-v3,0,4,3741.515,200,gpt-6-astra-2026-09-03,638,46
Chat,reach-v3-0,reach-v3,0,5,3748.501,200,gpt-6-astra-2026-09-03,1129,24
Chat,reach-v3-0,reach-v3,0,6,3352.405,200,gpt-6-astra-2026-09-03,668,27
Chat,reach-v3-0,reach-v3,0,7,4296.737,200,gpt-6-astra-2026-09-03,1159,24
Chat,reach-v3-0,reach-v3,0,8,3876.563,200,gpt-6-astra-2026-09-03,698,30
Chat,reach-v3-0,reach-v3,0,9,3733.651,200,gpt-6-astra-2026-09-03,1194,24
Chat,reach-v3-0,reach-v3,0,10,3992.616,200,gpt-6-astra-2026-09-03,703,30
Chat,reach-v3-0,reach-v3,0,11,7600.438,200,gpt-6-astra-2026-09-03,1204,24
Chat,reach-v3-0,reach-v3,0,12,4665.633,200,gpt-6-astra-2026-09-03,713,45
Chat,reach-v3-0,reach-v3,0,13,5889.875,200,gpt-6-astra-2026-09-03,1214,24
Chat,reach-v3-0,reach-v3,0,14,6793.706,200,gpt-6-astra-2026-09-03,723,31
Chat,reach-v3-0,reach-v3,0,15,3830.143,200,gpt-6-astra-2026-09-03,1219,24
Chat,reach-v3-0,reach-v3,0,16,3834.111,200,gpt-6-astra-2026-09-03,728,50
Chat,reach-v3-0,reach-v3,0,17,8806.835,200,gpt-6-astra-2026-09-03,1224,24
Chat,reach-v3-0,reach-v3,0,18,5868.033,200,gpt-6-astra-2026-09-03,723,29
Chat,reach-v3-0,reach-v3,0,19,6467.249,200,gpt-6-astra-2026-09-03,1224,24
Chat,reach-v3-0,reach-v3,0,20,4237.874,200,gpt-6-astra-2026-09-03,718,52
Chat,reach-v3-0,reach-v3,0,21,5634.787,200,gpt-6-astra-2026-09-03,1218,24
Chat,reach-v3-0,reach-v3,0,22,31181.763,200,gpt-6-astra-2026-09-03,713,48
Chat,reach-v3-0,reach-v3,0,23,4120.304,200,gpt-6-astra-2026-09-03,1209,24
Chat,reach-v3-0,reach-v3,0,24,4973.252,200,gpt-6-astra-2026-09-03,708,53
Chat,reach-v3-0,reach-v3,0,25,8064.258,200,gpt-6-astra-2026-09-03,1199,24
Chat,reach-v3-0,reach-v3,0,26,4621.663,200,gpt-6-astra-2026-09-03,708,54
Chat,reach-v3-0,reach-v3,0,27,3065.146,200,gpt-6-astra-2026-09-03,1199,24
Chat,reach-v3-0,reach-v3,0,28,3381.316,200,gpt-6-astra-2026-09-03,703,49
Chat,reach-v3-0,reach-v3,0,29,4516.587,200,gpt-6-astra-2026-09-03,1209,24
Chat,reach-v3-1,reach-v3,1,0,4996.829,200,gpt-6-astra-2026-09-03,579,63
Chat,reach-v3-1,reach-v3,1,1,5851.971,200,gpt-6-astra-2026-09-03,1079,24
Chat,reach-v3-1,reach-v3,1,2,4414.973,200,gpt-6-astra-2026-09-03,618,61
Chat,reach-v3-1,reach-v3,1,3,3383.411,200,gpt-6-astra-2026-09-03,1119,24
Chat,reach-v3-1,reach-v3,1,4,4100.719,200,gpt-6-astra-2026-09-03,658,31
Chat,reach-v3-1,reach-v3,1,5,4332.321,200,gpt-6-astra-2026-09-03,1149,24
Chat,reach-v3-1,reach-v3,1,6,3883.142,200,gpt-6-astra-2026-09-03,688,32
Chat,reach-v3-1,reach-v3,1,7,3670.405,200,gpt-6-astra-2026-09-03,1184,24
Chat,reach-v3-1,reach-v3,1,8,3450.744,200,gpt-6-astra-2026-09-03,723,30
Chat,reach-v3-1,reach-v3,1,9,3827.134,200,gpt-6-astra-2026-09-03,1224,24
Chat,reach-v3-1,reach-v3,1,10,3138.658,200,gpt-6-astra-2026-09-03,718,31
Chat,reach-v3-1,reach-v3,1,11,3598.239,200,gpt-6-astra-2026-09-03,1214,24
Chat,reach-v3-1,reach-v3,1,12,3228.055,200,gpt-6-astra-2026-09-03,713,53
Chat,reach-v3-1,reach-v3,1,13,10025.936,200,gpt-6-astra-2026-09-03,1209,24
Chat,reach-v3-1,reach-v3,1,14,4764.161,200,gpt-6-astra-2026-09-03,718,30
Chat,reach-v3-1,reach-v3,1,15,6365.917,200,gpt-6-astra-2026-09-03,1209,24
Chat,reach-v3-1,reach-v3,1,16,4646.7,200,gpt-6-astra-2026-09-03,713,50
Chat,reach-v3-1,reach-v3,1,17,7878.742,200,gpt-6-astra-2026-09-03,1204,24
Chat,reach-v3-1,reach-v3,1,18,5145.914,200,gpt-6-astra-2026-09-03,708,48
Chat,reach-v3-1,reach-v3,1,19,4537.107,200,gpt-6-astra-2026-09-03,1199,24
Chat,reach-v3-1,reach-v3,1,20,4452.92,200,gpt-6-astra-2026-09-03,703,26
Chat,reach-v3-1,reach-v3,1,21,6021.314,200,gpt-6-astra-2026-09-03,1194,24
Chat,reach-v3-1,reach-v3,1,22,4240.237,200,gpt-6-astra-2026-09-03,698,46
Chat,reach-v3-1,reach-v3,1,23,12105.72,200,gpt-6-astra-2026-09-03,1189,24
Chat,push-v3-0,push-v3,0,0,7002.086,200,gpt-6-astra-2026-09-03,691,25
Chat,push-v3-0,push-v3,0,1,4896.497,200,gpt-6-astra-2026-09-03,1130,24
Chat,push-v3-0,push-v3,0,2,2682.376,200,gpt-6-astra-2026-09-03,727,25
Chat,push-v3-0,push-v3,0,3,3295.305,200,gpt-6-astra-2026-09-03,1165,24
Chat,push-v3-0,push-v3,0,4,4002.52,200,gpt-6-astra-2026-09-03,763,32
Chat,push-v3-0,push-v3,0,5,3062.658,200,gpt-6-astra-2026-09-03,1202,24
Chat,push-v3-0,push-v3,0,6,4597.834,200,gpt-6-astra-2026-09-03,799,35
Chat,push-v3-0,push-v3,0,7,3202.707,200,gpt-6-astra-2026-09-03,1243,24
Chat,push-v3-0,push-v3,0,8,3134.534,200,gpt-6-astra-2026-09-03,840,27
Chat,push-v3-0,push-v3,0,9,3229.637,200,gpt-6-astra-2026-09-03,1267,24
Chat,push-v3-0,push-v3,0,10,3985.967,200,gpt-6-astra-2026-09-03,844,25
Chat,push-v3-0,push-v3,0,11,3594.655,200,gpt-6-astra-2026-09-03,1276,24
Chat,push-v3-0,push-v3,0,12,3382.872,200,gpt-6-astra-2026-09-03,843,25
Chat,push-v3-0,push-v3,0,13,4080.953,200,gpt-6-astra-2026-09-03,1270,24
Chat,push-v3-0,push-v3,0,14,3689.486,200,gpt-6-astra-2026-09-03,842,25
Chat,push-v3-0,push-v3,0,15,5508.509,200,gpt-6-astra-2026-09-03,1269,24
Chat,push-v3-0,push-v3,0,16,3470.33,200,gpt-6-astra-2026-09-03,831,25
Chat,push-v3-0,push-v3,0,17,4113.4,200,gpt-6-astra-2026-09-03,1258,24
Chat,push-v3-0,push-v3,0,18,3075.227,200,gpt-6-astra-2026-09-03,826,27
Chat,push-v3-0,push-v3,0,19,5839.726,200,gpt-6-astra-2026-09-03,1256,24
Chat,push-v3-0,push-v3,0,20,3913.085,200,gpt-6-astra-2026-09-03,826,27
Chat,push-v3-0,push-v3,0,21,3784.655,200,gpt-6-astra-2026-09-03,1256,24
Chat,push-v3-0,push-v3,0,22,4118.618,200,gpt-6-astra-2026-09-03,821,27
Chat,push-v3-0,push-v3,0,23,3724.456,200,gpt-6-astra-2026-09-03,1250,24
Chat,push-v3-0,push-v3,0,24,7226.889,200,gpt-6-astra-2026-09-03,826,27
Chat,push-v3-0,push-v3,0,25,3159.17,200,gpt-6-astra-2026-09-03,1256,24
Chat,push-v3-0,push-v3,0,26,3001.484,200,gpt-6-astra-2026-09-03,831,27
Chat,push-v3-0,push-v3,0,27,3316.446,200,gpt-6-astra-2026-09-03,1261,24
Chat,push-v3-0,push-v3,0,28,3342.0,200,gpt-6-astra-2026-09-03,831,27
Chat,push-v3-0,push-v3,0,29,3112.541,200,gpt-6-astra-2026-09-03,1261,24
Chat,push-v3-0,push-v3,0,30,2313.272,200,gpt-6-astra-2026-09-03,836,48
Chat,push-v3-0,push-v3,0,31,3278.188,200,gpt-6-astra-2026-09-03,1270,24
Chat,push-v3-0,push-v3,0,32,8558.168,200,gpt-6-astra-2026-09-03,832,50
Chat,push-v3-0,push-v3,0,33,5399.217,200,gpt-6-astra-2026-09-03,1266,24
Chat,push-v3-0,push-v3,0,34,3132.341,200,gpt-6-astra-2026-09-03,828,31
Chat,push-v3-0,push-v3,0,35,4022.531,200,gpt-6-astra-2026-09-03,1262,24
Chat,push-v3-0,push-v3,0,36,5869.938,200,gpt-6-astra-2026-09-03,819,27
Chat,push-v3-0,push-v3,0,37,4708.934,200,gpt-6-astra-2026-09-03,1256,24
Chat,push-v3-0,push-v3,0,38,4167.349,200,gpt-6-astra-2026-09-03,815,35
Chat,push-v3-0,push-v3,0,39,3437.943,200,gpt-6-astra-2026-09-03,1249,24
Chat,push-v3-0,push-v3,0,40,3421.983,200,gpt-6-astra-2026-09-03,815,27
Chat,push-v3-0,push-v3,0,41,3253.472,200,gpt-6-astra-2026-09-03,1258,24
Chat,push-v3-0,push-v3,0,42,3997.932,200,gpt-6-astra-2026-09-03,825,35
Chat,push-v3-0,push-v3,0,43,5307.723,200,gpt-6-astra-2026-09-03,1269,24
Chat,push-v3-0,push-v3,0,44,3030.911,200,gpt-6-astra-2026-09-03,835,25
Chat,push-v3-0,push-v3,0,45,3029.021,200,gpt-6-astra-2026-09-03,1278,24
Chat,push-v3-0,push-v3,0,46,3171.2,200,gpt-6-astra-2026-09-03,840,25
Chat,push-v3-0,push-v3,0,47,3704.98,200,gpt-6-astra-2026-09-03,1272,24
Chat,push-v3-0,push-v3,0,48,4292.162,200,gpt-6-astra-2026-09-03,854,77
Chat,push-v3-0,push-v3,0,49,3813.626,200,gpt-6-astra-2026-09-03,1293,24
Chat,push-v3-0,push-v3,0,50,4757.812,200,gpt-6-astra-2026-09-03,849,31
Chat,push-v3-0,push-v3,0,51,3597.948,200,gpt-6-astra-2026-09-03,1293,24
Chat,push-v3-0,push-v3,0,52,4130.734,200,gpt-6-astra-2026-09-03,844,42
Chat,push-v3-0,push-v3,0,53,4171.382,200,gpt-6-astra-2026-09-03,1293,24
Chat,push-v3-0,push-v3,0,54,3743.271,200,gpt-6-astra-2026-09-03,854,47
Chat,push-v3-0,push-v3,0,55,3749.206,200,gpt-6-astra-2026-09-03,1281,24
Chat,push-v3-0,push-v3,0,56,4613.526,200,gpt-6-astra-2026-09-03,854,25
Chat,push-v3-0,push-v3,0,57,4503.553,200,gpt-6-astra-2026-09-03,1281,24
Chat,push-v3-0,push-v3,0,58,3861.939,200,gpt-6-astra-2026-09-03,853,24
Chat,push-v3-0,push-v3,0,59,5451.623,200,gpt-6-astra-2026-09-03,1280,24
Chat,push-v3-0,push-v3,0,60,4187.305,200,gpt-6-astra-2026-09-03,847,47
Chat,push-v3-0,push-v3,0,61,3424.313,200,gpt-6-astra-2026-09-03,1291,24
Chat,push-v3-0,push-v3,0,62,3156.966,200,gpt-6-astra-2026-09-03,842,28
Chat,push-v3-0,push-v3,0,63,2962.943,200,gpt-6-astra-2026-09-03,1286,24
Chat,push-v3-0,push-v3,0,64,4579.111,200,gpt-6-astra-2026-09-03,848,46
Chat,push-v3-0,push-v3,0,65,4067.748,200,gpt-6-astra-2026-09-03,1292,24
Chat,push-v3-0,push-v3,0,66,4373.916,200,gpt-6-astra-2026-09-03,854,35
Chat,push-v3-0,push-v3,0,67,3089.633,200,gpt-6-astra-2026-09-03,1303,24
Chat,push-v3-0,push-v3,0,68,3903.087,200,gpt-6-astra-2026-09-03,860,34
Chat,push-v3-0,push-v3,0,69,3790.429,200,gpt-6-astra-2026-09-03,1304,24
Chat,push-v3-0,push-v3,0,70,3509.475,200,gpt-6-astra-2026-09-03,860,28
Chat,push-v3-0,push-v3,0,71,3121.717,200,gpt-6-astra-2026-09-03,1287,24
Chat,push-v3-0,push-v3,0,72,4838.161,200,gpt-6-astra-2026-09-03,859,26
Chat,push-v3-0,push-v3,0,73,7753.37,200,gpt-6-astra-2026-09-03,1291,24
Chat,push-v3-0,push-v3,0,74,7255.527,200,gpt-6-astra-2026-09-03,858,41
Chat,push-v3-0,push-v3,0,75,3920.75,200,gpt-6-astra-2026-09-03,1306,24
Chat,push-v3-0,push-v3,0,76,6970.182,200,gpt-6-astra-2026-09-03,857,33
Chat,push-v3-0,push-v3,0,77,2674.775,200,gpt-6-astra-2026-09-03,1305,24
Chat,push-v3-0,push-v3,0,78,4347.427,200,gpt-6-astra-2026-09-03,862,25
Chat,push-v3-0,push-v3,0,79,4047.606,200,gpt-6-astra-2026-09-03,1294,24
Chat,push-v3-1,push-v3,1,0,4908.79,200,gpt-6-astra-2026-09-03,691,24
Chat,push-v3-1,push-v3,1,1,4110.086,200,gpt-6-astra-2026-09-03,1136,24
Chat,push-v3-1,push-v3,1,2,4165.556,200,gpt-6-astra-2026-09-03,727,26
Chat,push-v3-1,push-v3,1,3,4683.742,200,gpt-6-astra-2026-09-03,1155,24
Chat,push-v3-1,push-v3,1,4,7476.052,200,gpt-6-astra-2026-09-03,767,26
Chat,push-v3-1,push-v3,1,5,2624.507,200,gpt-6-astra-2026-09-03,1190,24
Chat,push-v3-1,push-v3,1,6,3088.385,200,gpt-6-astra-2026-09-03,797,38
Chat,push-v3-1,push-v3,1,7,3344.394,200,gpt-6-astra-2026-09-03,1221,24
Chat,push-v3-1,push-v3,1,8,2108.509,200,gpt-6-astra-2026-09-03,827,26
Chat,push-v3-1,push-v3,1,9,3707.512,200,gpt-6-astra-2026-09-03,1255,24
Chat,push-v3-1,push-v3,1,10,2559.814,200,gpt-6-astra-2026-09-03,826,26
Chat,push-v3-1,push-v3,1,11,2930.263,200,gpt-6-astra-2026-09-03,1254,24
Chat,push-v3-1,push-v3,1,12,3046.375,200,gpt-6-astra-2026-09-03,826,28
Chat,push-v3-1,push-v3,1,13,3201.546,200,gpt-6-astra-2026-09-03,1256,24
Chat,push-v3-1,push-v3,1,14,4466.373,200,gpt-6-astra-2026-09-03,831,27
Chat,push-v3-1,push-v3,1,15,2863.672,200,gpt-6-astra-2026-09-03,1261,24
Chat,push-v3-1,push-v3,1,16,3741.378,200,gpt-6-astra-2026-09-03,836,27
Chat,push-v3-1,push-v3,1,17,3973.12,200,gpt-6-astra-2026-09-03,1266,24
Chat,push-v3-1,push-v3,1,18,3937.207,200,gpt-6-astra-2026-09-03,831,27
Chat,push-v3-1,push-v3,1,19,3519.946,200,gpt-6-astra-2026-09-03,1265,24
Chat,push-v3-1,push-v3,1,20,3600.068,200,gpt-6-astra-2026-09-03,831,26
Chat,push-v3-1,push-v3,1,21,4703.7,200,gpt-6-astra-2026-09-03,1265,24
Chat,push-v3-1,push-v3,1,22,3217.685,200,gpt-6-astra-2026-09-03,835,27
Chat,push-v3-1,push-v3,1,23,3700.335,200,gpt-6-astra-2026-09-03,1265,24
Chat,push-v3-1,push-v3,1,24,5607.142,200,gpt-6-astra-2026-09-03,835,28
Chat,push-v3-1,push-v3,1,25,4527.804,200,gpt-6-astra-2026-09-03,1265,24
Chat,push-v3-1,push-v3,1,26,4209.893,200,gpt-6-astra-2026-09-03,840,28
Chat,push-v3-1,push-v3,1,27,4778.273,200,gpt-6-astra-2026-09-03,1270,24
Chat,push-v3-1,push-v3,1,28,4530.012,200,gpt-6-astra-2026-09-03,835,28
Chat,push-v3-1,push-v3,1,29,4073.777,200,gpt-6-astra-2026-09-03,1270,24
Chat,push-v3-1,push-v3,1,30,3930.193,200,gpt-6-astra-2026-09-03,836,30
Chat,push-v3-1,push-v3,1,31,4907.291,200,gpt-6-astra-2026-09-03,1271,24
Chat,pick-place-v3-0,pick-place-v3,0,0,4227.139,200,gpt-6-astra-2026-09-03,706,31
Chat,pick-place-v3-0,pick-place-v3,0,1,3743.234,200,gpt-6-astra-2026-09-03,1103,24
Chat,pick-place-v3-0,pick-place-v3,0,2,8393.496,200,gpt-6-astra-2026-09-03,736,29
Chat,pick-place-v3-0,pick-place-v3,0,3,4645.199,200,gpt-6-astra-2026-09-03,1134,24
Chat,pick-place-v3-0,pick-place-v3,0,4,3580.549,200,gpt-6-astra-2026-09-03,767,28
Chat,pick-place-v3-0,pick-place-v3,0,5,3441.016,200,gpt-6-astra-2026-09-03,1165,24
Chat,pick-place-v3-0,pick-place-v3,0,6,8140.105,200,gpt-6-astra-2026-09-03,798,29
Chat,pick-place-v3-0,pick-place-v3,0,7,3525.044,200,gpt-6-astra-2026-09-03,1196,24
Chat,pick-place-v3-0,pick-place-v3,0,8,3974.999,200,gpt-6-astra-2026-09-03,829,29
Chat,pick-place-v3-0,pick-place-v3,0,9,5805.402,200,gpt-6-astra-2026-09-03,1230,24
Chat,pick-place-v3-0,pick-place-v3,0,10,4216.679,200,gpt-6-astra-2026-09-03,833,36
Chat,pick-place-v3-0,pick-place-v3,0,11,3707.201,200,gpt-6-astra-2026-09-03,1235,24
Chat,pick-place-v3-0,pick-place-v3,0,12,3969.925,200,gpt-6-astra-2026-09-03,838,28
Chat,pick-place-v3-0,pick-place-v3,0,13,3682.66,200,gpt-6-astra-2026-09-03,1240,24
Chat,pick-place-v3-0,pick-place-v3,0,14,4497.313,200,gpt-6-astra-2026-09-03,843,28
Chat,pick-place-v3-0,pick-place-v3,0,15,3073.902,200,gpt-6-astra-2026-09-03,1246,24
Chat,pick-place-v3-0,pick-place-v3,0,16,4318.996,200,gpt-6-astra-2026-09-03,848,28
Chat,pick-place-v3-0,pick-place-v3,0,17,5082.97,200,gpt-6-astra-2026-09-03,1246,24
Chat,pick-place-v3-0,pick-place-v3,0,18,3576.904,200,gpt-6-astra-2026-09-03,844,37
Chat,pick-place-v3-0,pick-place-v3,0,19,4304.179,200,gpt-6-astra-2026-09-03,1242,24
Chat,pick-place-v3-0,pick-place-v3,0,20,3881.821,200,gpt-6-astra-2026-09-03,839,36
Chat,pick-place-v3-0,pick-place-v3,0,21,3549.731,200,gpt-6-astra-2026-09-03,1242,24
Chat,pick-place-v3-0,pick-place-v3,0,22,8114.884,200,gpt-6-astra-2026-09-03,839,26
Chat,pick-place-v3-0,pick-place-v3,0,23,3566.98,200,gpt-6-astra-2026-09-03,1226,24
Chat,pick-place-v3-0,pick-place-v3,0,24,3598.046,200,gpt-6-astra-2026-09-03,839,30
Chat,pick-place-v3-0,pick-place-v3,0,25,35917.495,200,gpt-6-astra-2026-09-03,1226,24
Chat,pick-place-v3-0,pick-place-v3,0,26,9000.437,200,gpt-6-astra-2026-09-03,839,36
Chat,pick-place-v3-0,pick-place-v3,0,27,7999.099,200,gpt-6-astra-2026-09-03,1241,24
Chat,pick-place-v3-0,pick-place-v3,0,28,20764.837,200,gpt-6-astra-2026-09-03,844,26
Chat,pick-place-v3-0,pick-place-v3,0,29,3965.128,200,gpt-6-astra-2026-09-03,1220,24
Chat,pick-place-v3-0,pick-place-v3,0,30,4175.426,200,gpt-6-astra-2026-09-03,838,26
Chat,pick-place-v3-0,pick-place-v3,0,31,4513.005,200,gpt-6-astra-2026-09-03,1214,24
Chat,pick-place-v3-0,pick-place-v3,0,32,3756.02,200,gpt-6-astra-2026-09-03,837,25
Chat,pick-place-v3-0,pick-place-v3,0,33,4250.249,200,gpt-6-astra-2026-09-03,1213,24
Chat,pick-place-v3-0,pick-place-v3,0,34,3256.338,200,gpt-6-astra-2026-09-03,836,26
Chat,pick-place-v3-0,pick-place-v3,0,35,3761.995,200,gpt-6-astra-2026-09-03,1212,24
Chat,pick-place-v3-0,pick-place-v3,0,36,3244.967,200,gpt-6-astra-2026-09-03,830,26
Chat,pick-place-v3-0,pick-place-v3,0,37,2506.256,200,gpt-6-astra-2026-09-03,1205,24
Chat,pick-place-v3-0,pick-place-v3,0,38,2848.912,200,gpt-6-astra-2026-09-03,830,25
Chat,pick-place-v3-0,pick-place-v3,0,39,3799.51,200,gpt-6-astra-2026-09-03,1205,24
Chat,pick-place-v3-0,pick-place-v3,0,40,3257.817,200,gpt-6-astra-2026-09-03,830,26
Chat,pick-place-v3-0,pick-place-v3,0,41,3278.441,200,gpt-6-astra-2026-09-03,1206,24
Chat,pick-place-v3-0,pick-place-v3,0,42,3491.344,200,gpt-6-astra-2026-09-03,830,27
Chat,pick-place-v3-0,pick-place-v3,0,43,4090.202,200,gpt-6-astra-2026-09-03,1206,24
Chat,pick-place-v3-0,pick-place-v3,0,44,3931.548,200,gpt-6-astra-2026-09-03,830,25
Chat,pick-place-v3-0,pick-place-v3,0,45,4146.991,200,gpt-6-astra-2026-09-03,1206,24
Chat,pick-place-v3-0,pick-place-v3,0,46,3927.452,200,gpt-6-astra-2026-09-03,830,27
Chat,pick-place-v3-0,pick-place-v3,0,47,6099.725,200,gpt-6-astra-2026-09-03,1207,24
Chat,pick-place-v3-0,pick-place-v3,0,48,4255.193,200,gpt-6-astra-2026-09-03,830,27
Chat,pick-place-v3-0,pick-place-v3,0,49,5169.074,200,gpt-6-astra-2026-09-03,1208,24
Chat,pick-place-v3-0,pick-place-v3,0,50,3462.755,200,gpt-6-astra-2026-09-03,830,25
Chat,pick-place-v3-0,pick-place-v3,0,51,3594.788,200,gpt-6-astra-2026-09-03,1206,24
Chat,pick-place-v3-0,pick-place-v3,0,52,5280.99,200,gpt-6-astra-2026-09-03,830,27
Chat,pick-place-v3-0,pick-place-v3,0,53,3203.511,200,gpt-6-astra-2026-09-03,1206,24
Chat,pick-place-v3-0,pick-place-v3,0,54,4069.876,200,gpt-6-astra-2026-09-03,830,26
Chat,pick-place-v3-0,pick-place-v3,0,55,3275.367,200,gpt-6-astra-2026-09-03,1211,24
Chat,pick-place-v3-0,pick-place-v3,0,56,3383.671,200,gpt-6-astra-2026-09-03,835,29
Chat,pick-place-v3-0,pick-place-v3,0,57,4393.064,200,gpt-6-astra-2026-09-03,1212,24
Chat,pick-place-v3-0,pick-place-v3,0,58,3906.44,200,gpt-6-astra-2026-09-03,835,28
Chat,pick-place-v3-0,pick-place-v3,0,59,4448.049,200,gpt-6-astra-2026-09-03,1216,24
Chat,pick-place-v3-0,pick-place-v3,0,60,4211.613,200,gpt-6-astra-2026-09-03,839,41
Chat,pick-place-v3-0,pick-place-v3,0,61,4285.511,200,gpt-6-astra-2026-09-03,1221,24
Chat,pick-place-v3-0,pick-place-v3,0,62,4608.229,200,gpt-6-astra-2026-09-03,845,29
Chat,pick-place-v3-0,pick-place-v3,0,63,6346.68,200,gpt-6-astra-2026-09-03,1222,24
Chat,pick-place-v3-0,pick-place-v3,0,64,4389.653,200,gpt-6-astra-2026-09-03,840,31
Chat,pick-place-v3-0,pick-place-v3,0,65,3989.301,200,gpt-6-astra-2026-09-03,1222,24
Chat,pick-place-v3-0,pick-place-v3,0,66,4797.194,200,gpt-6-astra-2026-09-03,845,27
Chat,pick-place-v3-0,pick-place-v3,0,67,4172.27,200,gpt-6-astra-2026-09-03,1227,24
Chat,pick-place-v3-0,pick-place-v3,0,68,9932.304,200,gpt-6-astra-2026-09-03,845,27
Chat,pick-place-v3-0,pick-place-v3,0,69,10048.344,200,gpt-6-astra-2026-09-03,1232,24
Chat,pick-place-v3-0,pick-place-v3,0,70,17131.888,200,gpt-6-astra-2026-09-03,845,29
Chat,pick-place-v3-0,pick-place-v3,0,71,3938.176,200,gpt-6-astra-2026-09-03,1221,24
Chat,pick-place-v3-0,pick-place-v3,0,72,3247.149,200,gpt-6-astra-2026-09-03,845,29
Chat,pick-place-v3-0,pick-place-v3,0,73,4855.465,200,gpt-6-astra-2026-09-03,1227,24
Chat,pick-place-v3-0,pick-place-v3,0,74,3671.38,200,gpt-6-astra-2026-09-03,845,29
Chat,pick-place-v3-0,pick-place-v3,0,75,3514.803,200,gpt-6-astra-2026-09-03,1227,24
Chat,pick-place-v3-0,pick-place-v3,0,76,4053.977,200,gpt-6-astra-2026-09-03,845,28
Chat,pick-place-v3-0,pick-place-v3,0,77,3467.382,200,gpt-6-astra-2026-09-03,1226,24
Chat,pick-place-v3-1,pick-place-v3,1,0,3986.626,200,gpt-6-astra-2026-09-03,706,31
Chat,pick-place-v3-1,pick-place-v3,1,1,2859.353,200,gpt-6-astra-2026-09-03,1103,24
Chat,pick-place-v3-1,pick-place-v3,1,2,3570.731,200,gpt-6-astra-2026-09-03,736,31
Chat,pick-place-v3-1,pick-place-v3,1,3,2762.597,200,gpt-6-astra-2026-09-03,1133,24
Chat,pick-place-v3-1,pick-place-v3,1,4,3370.074,200,gpt-6-astra-2026-09-03,767,30
Chat,pick-place-v3-1,pick-place-v3,1,5,20741.857,200,gpt-6-astra-2026-09-03,1169,24
Chat,pick-place-v3-1,pick-place-v3,1,6,5307.033,200,gpt-6-astra-2026-09-03,802,42
Chat,pick-place-v3-1,pick-place-v3,1,7,4507.058,200,gpt-6-astra-2026-09-03,1205,24
Chat,pick-place-v3-1,pick-place-v3,1,8,5954.489,200,gpt-6-astra-2026-09-03,838,34
Chat,pick-place-v3-1,pick-place-v3,1,9,3559.488,200,gpt-6-astra-2026-09-03,1241,24
Chat,pick-place-v3-1,pick-place-v3,1,10,4432.494,200,gpt-6-astra-2026-09-03,843,36
Chat,pick-place-v3-1,pick-place-v3,1,11,4406.604,200,gpt-6-astra-2026-09-03,1246,24
Chat,pick-place-v3-1,pick-place-v3,1,12,3904.822,200,gpt-6-astra-2026-09-03,848,30
Chat,pick-place-v3-1,pick-place-v3,1,13,3306.263,200,gpt-6-astra-2026-09-03,1245,24
Chat,pick-place-v3-1,pick-place-v3,1,14,3922.71,200,gpt-6-astra-2026-09-03,844,37
Chat,pick-place-v3-1,pick-place-v3,1,15,6137.102,200,gpt-6-astra-2026-09-03,1242,24
Chat,pick-place-v3-1,pick-place-v3,1,16,4784.146,200,gpt-6-astra-2026-09-03,839,29
Chat,pick-place-v3-1,pick-place-v3,1,17,6296.158,200,gpt-6-astra-2026-09-03,1242,24
Chat,pick-place-v3-1,pick-place-v3,1,18,5567.718,200,gpt-6-astra-2026-09-03,839,26
Chat,pick-place-v3-1,pick-place-v3,1,19,4477.546,200,gpt-6-astra-2026-09-03,1225,24
Chat,pick-place-v3-1,pick-place-v3,1,20,4249.214,200,gpt-6-astra-2026-09-03,839,29
Chat,pick-place-v3-1,pick-place-v3,1,21,4662.471,200,gpt-6-astra-2026-09-03,1225,24
Chat,pick-place-v3-1,pick-place-v3,1,22,3580.845,200,gpt-6-astra-2026-09-03,839,37
Chat,pick-place-v3-1,pick-place-v3,1,23,3695.519,200,gpt-6-astra-2026-09-03,1246,24
Chat,pick-place-v3-1,pick-place-v3,1,24,4567.623,200,gpt-6-astra-2026-09-03,844,25
Chat,pick-place-v3-1,pick-place-v3,1,25,3809.285,200,gpt-6-astra-2026-09-03,1219,24
Chat,pick-place-v3-1,pick-place-v3,1,26,4904.628,200,gpt-6-astra-2026-09-03,838,26
Chat,pick-place-v3-1,pick-place-v3,1,27,3540.909,200,gpt-6-astra-2026-09-03,1214,24
Chat,pick-place-v3-1,pick-place-v3,1,28,3845.246,200,gpt-6-astra-2026-09-03,837,26
Chat,pick-place-v3-1,pick-place-v3,1,29,12936.715,200,gpt-6-astra-2026-09-03,1211,24
Chat,pick-place-v3-1,pick-place-v3,1,30,3975.84,200,gpt-6-astra-2026-09-03,836,26
Chat,pick-place-v3-1,pick-place-v3,1,31,6746.967,200,gpt-6-astra-2026-09-03,1211,24
Chat,pick-place-v3-1,pick-place-v3,1,32,4415.005,200,gpt-6-astra-2026-09-03,830,25
Chat,pick-place-v3-1,pick-place-v3,1,33,9204.371,200,gpt-6-astra-2026-09-03,1205,24
Chat,pick-place-v3-1,pick-place-v3,1,34,3580.867,200,gpt-6-astra-2026-09-03,830,25
Chat,pick-place-v3-1,pick-place-v3,1,35,4341.934,200,gpt-6-astra-2026-09-03,1206,24
Chat,pick-place-v3-1,pick-place-v3,1,36,3255.562,200,gpt-6-astra-2026-09-03,830,27
Chat,pick-place-v3-1,pick-place-v3,1,37,5550.957,200,gpt-6-astra-2026-09-03,1205,24
Chat,pick-place-v3-1,pick-place-v3,1,38,4911.109,200,gpt-6-astra-2026-09-03,830,27
Chat,pick-place-v3-1,pick-place-v3,1,39,3421.327,200,gpt-6-astra-2026-09-03,1206,24
Chat,pick-place-v3-1,pick-place-v3,1,40,4459.463,200,gpt-6-astra-2026-09-03,830,27
Chat,pick-place-v3-1,pick-place-v3,1,41,5495.568,200,gpt-6-astra-2026-09-03,1205,24
Chat,pick-place-v3-1,pick-place-v3,1,42,5111.973,200,gpt-6-astra-2026-09-03,830,25
Chat,pick-place-v3-1,pick-place-v3,1,43,3549.036,200,gpt-6-astra-2026-09-03,1205,24
Chat,pick-place-v3-1,pick-place-v3,1,44,6047.547,200,gpt-6-astra-2026-09-03,830,27
Chat,pick-place-v3-1,pick-place-v3,1,45,6095.536,200,gpt-6-astra-2026-09-03,1210,24
Chat,pick-place-v3-1,pick-place-v3,1,46,3797.48,200,gpt-6-astra-2026-09-03,835,27
Chat,pick-place-v3-1,pick-place-v3,1,47,6537.273,200,gpt-6-astra-2026-09-03,1217,24
Chat,pick-place-v3-1,pick-place-v3,1,48,4020.257,200,gpt-6-astra-2026-09-03,840,28
Chat,pick-place-v3-1,pick-place-v3,1,49,3289.662,200,gpt-6-astra-2026-09-03,1225,24
Chat,pick-place-v3-1,pick-place-v3,1,50,4367.939,200,gpt-6-astra-2026-09-03,849,53
Chat,pick-place-v3-1,pick-place-v3,1,51,3237.626,200,gpt-6-astra-2026-09-03,1236,24
Chat,pick-place-v3-1,pick-place-v3,1,52,4360.347,200,gpt-6-astra-2026-09-03,854,43
Chat,pick-place-v3-1,pick-place-v3,1,53,3031.25,200,gpt-6-astra-2026-09-03,1236,24
Chat,pick-place-v3-1,pick-place-v3,1,54,3971.637,200,gpt-6-astra-2026-09-03,854,29
Chat,pick-place-v3-1,pick-place-v3,1,55,3566.587,200,gpt-6-astra-2026-09-03,1241,24
Chat,pick-place-v3-1,pick-place-v3,1,56,3940.874,200,gpt-6-astra-2026-09-03,859,28
Chat,pick-place-v3-1,pick-place-v3,1,57,3900.398,200,gpt-6-astra-2026-09-03,1236,24
Chat,pick-place-v3-1,pick-place-v3,1,58,3608.626,200,gpt-6-astra-2026-09-03,850,29
Chat,pick-place-v3-1,pick-place-v3,1,59,5988.424,200,gpt-6-astra-2026-09-03,1231,24
Chat,pick-place-v3-1,pick-place-v3,1,60,3871.471,200,gpt-6-astra-2026-09-03,850,29
Chat,pick-place-v3-1,pick-place-v3,1,61,5835.834,200,gpt-6-astra-2026-09-03,1232,24
Chat,pick-place-v3-1,pick-place-v3,1,62,4963.854,200,gpt-6-astra-2026-09-03,845,28
Chat,pick-place-v3-1,pick-place-v3,1,63,4284.679,200,gpt-6-astra-2026-09-03,1222,24
Chat,pick-place-v3-1,pick-place-v3,1,64,4390.279,200,gpt-6-astra-2026-09-03,835,58
Chat,pick-place-v3-1,pick-place-v3,1,65,3338.088,200,gpt-6-astra-2026-09-03,1212,24
Chat,pick-place-v3-1,pick-place-v3,1,66,5815.848,200,gpt-6-astra-2026-09-03,835,30
Chat,pick-place-v3-1,pick-place-v3,1,67,3360.993,200,gpt-6-astra-2026-09-03,1217,24
